x,y,label,relevant
25.73636245727539,17.048885345458984,bag,False
25.53328514099121,16.397884368896484,bag,False
24.636775970458984,16.55115509033203,bag,False
23.741138458251953,16.12809181213379,bag,False
21.345251083374023,14.088835716247559,bag,False
26.680513381958008,16.90481948852539,bag,False
21.37610626220703,15.03398609161377,bag,False
-20.801631927490234,-12.771973609924316,bag,False
-20.193849563598633,-16.168001174926758,bag,False
-21.26410484313965,-11.952192306518555,bag,False
-22.471073150634766,-17.28104019165039,bag,False
-22.033145904541016,-16.987947463989258,bag,False
26.21921730041504,16.500991821289062,bag,False
-20.439260482788086,-14.379837989807129,bag,False
-20.985843658447266,-17.53634262084961,bag,False
-20.73813247680664,-16.598247528076172,bag,False
-22.289566040039062,-19.231552124023438,bag,False
-20.399484634399414,-16.510784149169922,bag,False
-21.188642501831055,-12.141138076782227,bag,False
-20.937034606933594,-15.763479232788086,bag,False
22.832504272460938,16.10593605041504,bag,False
-18.65251922607422,-20.163333892822266,bag,False
-18.683467864990234,-19.81390380859375,bag,False
-18.53543472290039,-21.106151580810547,bag,False
-18.246706008911133,-17.740365982055664,bag,False
-18.505413055419922,-16.7852725982666,bag,False
-18.71587562561035,-17.39495849609375,bag,False
-20.675565719604492,-13.784421920776367,bag,False
24.551847457885742,17.218975067138672,bag,False
24.434226989746094,14.892420768737793,bag,False
24.192596435546875,14.619874000549316,bag,False
23.51400375366211,15.086732864379883,bag,False
27.530235290527344,15.736746788024902,bag,False
24.70132827758789,15.7594633102417,bag,False
21.607202529907227,14.493143081665039,bag,False
22.24565887451172,13.151211738586426,bag,False
10.697162628173828,18.66766929626465,board,False
10.698834419250488,19.517749786376953,board,False
10.65544605255127,19.902938842773438,board,False
9.468391418457031,17.031293869018555,board,False
10.98414421081543,16.578866958618164,board,False
10.798506736755371,17.590206146240234,board,False
10.850122451782227,17.482404708862305,board,False
-10.752973556518555,5.879766941070557,box,False
-12.034341812133789,4.8778767585754395,box,False
-10.611184120178223,5.215863227844238,box,False
-10.748720169067383,6.563056468963623,box,False
-11.947562217712402,7.375990390777588,box,False
-13.081923484802246,7.904543399810791,box,False
-11.960747718811035,7.781701564788818,box,False
7.652518272399902,13.976669311523438,cone,False
9.813421249389648,14.892097473144531,cone,False
6.018762588500977,13.49846363067627,cone,False
8.526688575744629,13.226540565490723,cone,False
5.8236985206604,13.477740287780762,cone,False
10.387537002563477,14.691915512084961,cone,False
9.072626113891602,13.673864364624023,cone,False
9.001415252685547,15.840378761291504,cone,False
10.828186988830566,13.711377143859863,cone,False
13.106889724731445,13.157668113708496,cone,False
14.030978202819824,11.354140281677246,cone,False
13.29848861694336,13.06566333770752,cone,False
13.554401397705078,11.372421264648438,cone,False
14.094416618347168,12.703805923461914,cone,False
12.592291831970215,11.87854290008545,cone,False
14.300366401672363,13.112692832946777,cone,False
12.8069486618042,11.72512435913086,cone,False
-22.4625186920166,-19.704164505004883,dead grass,False
-1.7550182342529297,0.9302170276641846,dead grass,False
-7.376778602600098,-23.49350929260254,dead grass,False
3.926628589630127,-22.307750701904297,dead grass,False
-10.139349937438965,-19.969341278076172,dead grass,False
-12.539718627929688,-23.860567092895508,dead grass,False
-4.879764080047607,-21.745885848999023,dead grass,False
-6.646718978881836,-16.571517944335938,dead grass,False
-11.007176399230957,-15.371394157409668,dead grass,False
3.496319055557251,2.665801763534546,dead grass,False
-5.334188461303711,3.4383397102355957,dead grass,False
-12.59721851348877,-25.406375885009766,dead grass,False
-8.710714340209961,-13.911279678344727,dead grass,False
-8.946321487426758,-21.829967498779297,dead grass,False
-1.8876363039016724,-15.519696235656738,dead grass,False
-5.926173686981201,-4.890981197357178,dead grass,False
-4.766092300415039,2.9845831394195557,dead grass,False
-13.6560640335083,-12.068735122680664,dead grass,False
6.763482093811035,-5.9513983726501465,dead grass,False
-7.2269287109375,-18.80549430847168,dead grass,False
-5.58875036239624,-12.522547721862793,dead grass,False
-3.860483407974243,-23.137907028198242,dead grass,False
-4.407445430755615,-18.21120262145996,dead grass,False
3.2778329849243164,-1.804043173789978,dead grass,False
6.5961480140686035,0.20620308816432953,dead grass,False
-9.199686050415039,-5.7976813316345215,dead grass,False
-1.546824336051941,-21.6560115814209,dead grass,False
5.122775554656982,5.229635238647461,dead grass,False
-12.536439895629883,-18.296581268310547,dead grass,False
4.026306629180908,-1.252593994140625,dead grass,False
-4.277493953704834,1.6790376901626587,dead grass,False
-3.3167731761932373,2.1648499965667725,dead grass,False
6.705252647399902,5.313005447387695,dead grass,False
1.600598692893982,-4.533172607421875,dead grass,False
-3.6430251598358154,-26.254533767700195,dead grass,False
-7.2291154861450195,-21.629465103149414,dead grass,False
0.20985953509807587,-25.848312377929688,dead grass,False
0.6045239567756653,-2.493457317352295,dead grass,False
-4.129873752593994,-5.473649501800537,dead grass,False
0.03623421862721443,-15.588863372802734,dead grass,False
3.293959140777588,-18.624420166015625,dead grass,False
-9.007867813110352,-13.935206413269043,dead grass,False
-8.472999572753906,-20.037904739379883,dead grass,False
2.875438690185547,-0.36446836590766907,dead grass,False
-3.375351667404175,-10.39071273803711,dead grass,False
-6.44926643371582,-25.407495498657227,dead grass,False
-7.642671585083008,-14.35556697845459,dead grass,False
7.559505462646484,-0.5345011949539185,dead grass,False
-11.471742630004883,-13.542664527893066,dead grass,False
-7.645762920379639,2.8321259021759033,dead grass,False
5.437453746795654,-16.778484344482422,dirt,False
-3.8469977378845215,-19.9547119140625,dirt,False
-6.163112640380859,-22.898414611816406,dirt,False
-18.225828170776367,-12.644686698913574,dirt,False
-9.658281326293945,-22.41608428955078,dirt,False
1.1220773458480835,-18.83393096923828,dirt,False
7.524594783782959,6.0095696449279785,dirt,False
-9.16472339630127,-10.47001838684082,dirt,False
1.7928822040557861,-13.747123718261719,dirt,False
-1.8052482604980469,-20.125215530395508,dirt,False
-4.665459632873535,-2.4597740173339844,dirt,False
1.2083581686019897,-16.627470016479492,dirt,False
7.4360785484313965,-8.479338645935059,dirt,False
6.378854751586914,3.508197784423828,dirt,False
-10.735987663269043,-16.997859954833984,dirt,False
5.708341598510742,-14.551478385925293,dirt,False
-1.4276014566421509,-18.52105712890625,dirt,False
-8.713326454162598,-23.427799224853516,dirt,False
-10.240803718566895,-22.199386596679688,dirt,False
5.863028526306152,2.4918582439422607,dirt,False
5.542159557342529,-15.277722358703613,dirt,False
7.479067325592041,-8.28666877746582,dirt,False
3.0543863773345947,5.647767543792725,dirt,False
4.162337303161621,-12.830164909362793,dirt,False
-1.0211595296859741,-19.900339126586914,dirt,False
-6.2755913734436035,-19.468578338623047,dirt,False
3.7964446544647217,-16.58816146850586,dirt,False
-11.418402671813965,-25.17286491394043,dirt,False
3.2995755672454834,2.7806005477905273,dirt,False
-1.8832728862762451,-10.90011978149414,dirt,False
-12.439888954162598,-23.832250595092773,dirt,False
4.423035144805908,-14.818548202514648,dirt,False
7.517887592315674,5.0760369300842285,dirt,False
3.8650405406951904,-13.730951309204102,dirt,False
23.678991317749023,11.784534454345703,dirt,False
5.610655307769775,-16.47694969177246,dirt,False
-2.023047924041748,-18.091163635253906,dirt,False
-3.2607462406158447,-18.661069869995117,dirt,False
6.121886253356934,-4.989418029785156,dirt,False
5.366647720336914,2.0794496536254883,dirt,False
-0.12577593326568604,-19.221731185913086,dirt,False
-1.2697288990020752,-16.43400001525879,dirt,False
3.5512197017669678,-15.717880249023438,dirt,False
-0.2766774594783783,2.4509527683258057,dirt,False
3.383531332015991,-18.398725509643555,dirt,False
5.595973968505859,-13.806702613830566,dirt,False
2.474191427230835,-7.381566047668457,dirt,False
2.955453634262085,-14.051783561706543,dirt,False
-5.846184253692627,-19.640052795410156,dirt,False
-0.5432910919189453,-20.547204971313477,dirt,False
-5.32539701461792,-11.670599937438965,grass,False
-13.234882354736328,-21.466388702392578,grass,False
-6.54409646987915,-12.749700546264648,grass,False
-6.9125471115112305,3.4979920387268066,grass,False
-13.34428882598877,-10.864895820617676,grass,False
-8.439740180969238,-15.738077163696289,grass,False
-9.019064903259277,-25.99527359008789,grass,False
6.07659912109375,17.611873626708984,grass,False
-6.41914701461792,-16.627071380615234,grass,False
-5.5358991622924805,-1.8683291673660278,grass,False
-9.0376615524292,-24.844253540039062,grass,False
-12.814874649047852,-21.238445281982422,grass,False
-3.6497750282287598,-5.498241424560547,grass,False
-2.827855110168457,-12.700874328613281,grass,False
-6.545464038848877,2.044847011566162,grass,False
-16.095964431762695,-17.931106567382812,grass,False
-7.069967269897461,-24.7470645904541,grass,False
-5.218109130859375,-9.063735961914062,grass,False
-13.755674362182617,-13.904510498046875,grass,False
-12.470230102539062,-11.93517780303955,grass,False
-3.3207058906555176,-23.525291442871094,grass,False
-9.11363410949707,-17.88787841796875,grass,False
-11.36506462097168,-18.825969696044922,grass,False
-7.687809944152832,-26.934518814086914,grass,False
-14.155486106872559,-21.28849220275879,grass,False
-4.91133451461792,-26.626127243041992,grass,False
-12.5997314453125,-15.56748104095459,grass,False
0.6019884943962097,1.2720317840576172,grass,False
-6.554579734802246,-5.800844669342041,grass,False
-4.904572486877441,-27.754226684570312,grass,False
-6.894318103790283,-26.51275062561035,grass,False
-13.329920768737793,-13.073729515075684,grass,False
-2.256340265274048,-4.05173921585083,grass,False
23.310401916503906,10.326264381408691,grass,False
-4.428588390350342,6.428559303283691,grass,False
3.7009565830230713,19.936721801757812,grass,False
-11.044783592224121,-11.477163314819336,grass,False
-2.0038230419158936,8.73633861541748,grass,False
-5.714571952819824,-28.456281661987305,grass,False
-15.874004364013672,-16.778430938720703,grass,False
-13.614480018615723,-21.980030059814453,grass,False
-4.956874847412109,-15.08210563659668,grass,False
-8.020608901977539,-17.143577575683594,grass,False
-7.929548740386963,-19.68203353881836,grass,False
-8.035553932189941,-21.98761558532715,grass,False
-10.006904602050781,-27.02075958251953,grass,False
-4.507272243499756,-4.316379547119141,grass,False
-2.59722638130188,-23.879192352294922,grass,False
-6.994263172149658,-14.306140899658203,grass,False
-3.7859137058258057,-22.160186767578125,grass,False
-1.9557350873947144,17.81612777709961,live grass,False
-6.42990255355835,-1.798295497894287,live grass,False
-0.7432764768600464,-7.917717456817627,live grass,False
1.6269328594207764,-6.146269798278809,live grass,False
2.899932861328125,-15.619858741760254,live grass,False
-8.15821361541748,-8.183238983154297,live grass,False
-6.4601874351501465,3.348029375076294,live grass,False
-5.899019241333008,2.4920010566711426,live grass,False
0.7735703587532043,-0.889051079750061,live grass,False
-6.09517765045166,-8.344411849975586,live grass,False
-1.932365894317627,-7.064333915710449,live grass,False
-1.1140471696853638,-0.7419124841690063,live grass,False
-2.8555145263671875,-1.5132181644439697,live grass,False
-0.938726007938385,0.2547362446784973,live grass,False
0.1964326649904251,16.232454299926758,live grass,False
-0.8989388346672058,-6.532465934753418,live grass,False
-0.5365620851516724,-3.469834566116333,live grass,False
-0.7315862774848938,-6.804812908172607,live grass,False
-0.18468491733074188,-2.779836654663086,live grass,False
-8.19020938873291,-4.295262336730957,live grass,False
3.9524600505828857,9.305569648742676,live grass,False
1.7224260568618774,-5.975711822509766,live grass,False
-3.9033777713775635,-0.8753907084465027,live grass,False
3.8457624912261963,8.823509216308594,live grass,False
-5.712640285491943,-7.680476665496826,live grass,False
0.7959752082824707,-7.641585826873779,live grass,False
-7.753795623779297,-5.221194744110107,live grass,False
-1.3653054237365723,-1.7514935731887817,live grass,False
2.3385331630706787,-6.484426498413086,live grass,False
-10.474550247192383,-10.471869468688965,live grass,False
6.858529567718506,8.629732131958008,live grass,False
6.6595330238342285,7.807690620422363,live grass,False
-4.521783828735352,-7.434453010559082,live grass,False
6.828364372253418,8.683002471923828,live grass,False
-7.969571113586426,-8.102011680603027,live grass,False
4.454005241394043,-3.098339319229126,live grass,False
-1.45427668094635,15.967107772827148,live grass,False
8.624378204345703,11.518386840820312,live grass,False
10.684682846069336,7.279533863067627,live grass,False
-4.516297340393066,-8.078256607055664,live grass,False
5.677440643310547,3.9598820209503174,live grass,False
-1.7153041362762451,16.238510131835938,live grass,False
-7.883856773376465,-6.475153923034668,live grass,False
3.820664644241333,-3.187206745147705,live grass,False
20.23929786682129,17.43279457092285,live grass,False
0.4512198567390442,-4.552370071411133,live grass,False
4.427978515625,7.880363464355469,live grass,False
-7.641797065734863,-4.791762351989746,live grass,False
9.514349937438965,8.592732429504395,live grass,False
-2.1741292476654053,-1.9184901714324951,live grass,False
25.618471145629883,15.009369850158691,person,True
-21.17001724243164,-4.7167863845825195,person,True
-21.166589736938477,-4.714550018310547,person,True
-17.439252853393555,-5.781227111816406,person,True
-18.237491607666016,-15.778204917907715,person,True
-17.12944221496582,-5.747658729553223,person,True
-15.89360237121582,-6.3817524909973145,person,True
-18.351768493652344,-6.210620880126953,person,True
-16.300338745117188,-6.240433216094971,person,True
11.746209144592285,4.573879241943359,shadow,False
11.484002113342285,5.241565704345703,shadow,False
11.54010009765625,5.4958672523498535,shadow,False
12.126004219055176,5.124458312988281,shadow,False
-17.593189239501953,-17.124860763549805,shadow,False
10.756561279296875,7.605184078216553,shadow,False
10.065129280090332,7.882558822631836,shadow,False
11.428251266479492,7.618619441986084,shadow,False
-21.67552947998047,-7.310031414031982,shadow,False
-20.53875160217285,-7.4366559982299805,shadow,False
-19.983448028564453,-7.65112829208374,shadow,False
-19.855724334716797,-7.949910640716553,shadow,False
27.666797637939453,17.067039489746094,sidewalk,False
33.662513732910156,20.031482696533203,sidewalk,False
36.4372444152832,21.250707626342773,sidewalk,False
31.198083877563477,20.23007583618164,sidewalk,False
33.22770690917969,19.696056365966797,sidewalk,False
31.75293731689453,20.09990119934082,sidewalk,False
20.50969696044922,17.291271209716797,sidewalk,False
34.929439544677734,21.4212589263916,sidewalk,False
32.785152435302734,16.72079849243164,sidewalk,False
34.637794494628906,20.49570655822754,sidewalk,False
31.194351196289062,16.65322494506836,sidewalk,False
31.889869689941406,21.69197654724121,sidewalk,False
29.116901397705078,20.946794509887695,sidewalk,False
23.213701248168945,12.694232940673828,sidewalk,False
24.473217010498047,12.95619010925293,sidewalk,False
27.653776168823242,18.439268112182617,sidewalk,False
27.80156898498535,15.506583213806152,sidewalk,False
34.0711784362793,22.01747703552246,sidewalk,False
36.63344192504883,18.37097930908203,sidewalk,False
36.22698974609375,19.552677154541016,sidewalk,False
34.282684326171875,18.643373489379883,sidewalk,False
23.665571212768555,11.266251564025879,sidewalk,False
31.817201614379883,17.288188934326172,sidewalk,False
29.128679275512695,17.05744171142578,sidewalk,False
26.052562713623047,10.605985641479492,sidewalk,False
36.501434326171875,20.67865562438965,sidewalk,False
27.601484298706055,14.365185737609863,sidewalk,False
33.45619583129883,21.370569229125977,sidewalk,False
29.952224731445312,21.189910888671875,sidewalk,False
31.133737564086914,18.147029876708984,sidewalk,False
29.718238830566406,18.71385955810547,sidewalk,False
37.434730529785156,20.773822784423828,sidewalk,False
37.294715881347656,19.946086883544922,sidewalk,False
32.219112396240234,19.343971252441406,sidewalk,False
27.031200408935547,18.804155349731445,sidewalk,False
33.131202697753906,18.801313400268555,sidewalk,False
28.287328720092773,17.467041015625,sidewalk,False
34.270225524902344,22.754976272583008,sidewalk,False
30.902320861816406,19.433910369873047,sidewalk,False
20.507081985473633,14.679994583129883,sidewalk,False
25.528348922729492,11.204960823059082,sidewalk,False
32.52543640136719,16.08289337158203,sidewalk,False
35.54035186767578,18.314809799194336,sidewalk,False
35.332889556884766,19.146100997924805,sidewalk,False
29.531612396240234,20.57353401184082,sidewalk,False
22.502445220947266,11.788297653198242,sidewalk,False
35.16761016845703,20.487817764282227,sidewalk,False
32.37659454345703,17.713560104370117,sidewalk,False
29.07659339904785,15.563720703125,sidewalk,False
25.83955192565918,13.483067512512207,sidewalk,False
-13.952352523803711,2.5258238315582275,tape,False
-13.554035186767578,3.4650580883026123,tape,False
-13.42626953125,4.18017578125,tape,False
-12.67739486694336,4.116789817810059,tape,False
-14.703898429870605,1.7483958005905151,tape,False
-9.643654823303223,5.7665910720825195,tape,False
-12.704512596130371,6.214135646820068,tape,False
-13.787115097045898,0.29247725009918213,tape,False
-14.15134334564209,5.876484394073486,tape,False
-13.002391815185547,5.744981288909912,tape,False
-14.169672966003418,6.741634845733643,tape,False
-15.614988327026367,5.499680519104004,tape,False
-16.401268005371094,6.358644485473633,tape,False
-16.97392463684082,4.9347429275512695,tape,False
-6.658375263214111,-11.479706764221191,tape,False
-16.89375877380371,4.62326192855835,tape,False
-13.356008529663086,4.665766716003418,tape,False
-14.428059577941895,1.6583787202835083,tape,False
-11.088415145874023,3.903696060180664,tape,False
7.321493625640869,11.627909660339355,tape,False
7.415461540222168,11.52046012878418,tape,False
7.014657974243164,11.242056846618652,tape,False
-13.251299858093262,6.410284996032715,tape,False
-16.455646514892578,5.765972137451172,tape,False
-4.143088340759277,-12.301918983459473,tire mark,False
-5.529106616973877,-25.332504272460938,tire mark,False
3.7329728603363037,-6.0543036460876465,tire mark,False
-11.004073143005371,-21.24993324279785,tire mark,False
-3.736628532409668,-17.14493751525879,tire mark,False
-9.713316917419434,-28.500873565673828,tire mark,False
-10.994118690490723,-17.316816329956055,tire mark,False
3.0846059322357178,-8.226953506469727,tire mark,False
-0.5712995529174805,-17.165552139282227,tire mark,False
-8.466161727905273,-25.368362426757812,tire mark,False
9.826227188110352,1.0744173526763916,tire mark,False
1.4592491388320923,4.444000720977783,tire mark,False
-10.620710372924805,-23.659482955932617,tire mark,False
4.770926475524902,4.268392562866211,tire mark,False
-4.99365758895874,1.2322273254394531,tire mark,False
-10.300186157226562,-20.88517189025879,tire mark,False
-7.575741767883301,-28.09671974182129,tire mark,False
2.651923179626465,3.4515533447265625,tire mark,False
3.093954086303711,-3.059556007385254,tire mark,False
-2.4945971965789795,-14.15290641784668,tire mark,False
-3.710749864578247,-14.404437065124512,tire mark,False
7.966285228729248,-1.6479145288467407,tire mark,False
1.613266110420227,0.7597408294677734,tire mark,False
-8.572941780090332,-11.135758399963379,tire mark,False
-13.616557121276855,-16.078149795532227,tire mark,False
2.103641986846924,-2.0243747234344482,tire mark,False
-5.8559160232543945,1.3772286176681519,tire mark,False
4.7594194412231445,0.9632384777069092,tire mark,False
-7.32509708404541,-10.307411193847656,tire mark,False
2.2137746810913086,-0.9769589900970459,tire mark,False
2.49857759475708,7.044622898101807,tire mark,False
-11.72066593170166,-12.63936710357666,tire mark,False
-3.3734068870544434,3.5438740253448486,tire mark,False
5.662622928619385,4.951601982116699,tire mark,False
-3.3621959686279297,8.41434097290039,tire mark,False
3.604505777359009,4.09246301651001,tire mark,False
-10.246308326721191,-8.23745059967041,tire mark,False
5.315953254699707,-13.449566841125488,tire mark,False
-1.143284559249878,-5.48307991027832,tire mark,False
-8.606009483337402,-28.240840911865234,tire mark,False
3.042264699935913,6.672702789306641,tire mark,False
7.893050193786621,2.794875144958496,tire mark,False
-9.628902435302734,-15.637093544006348,tire mark,False
9.31396198272705,1.6243982315063477,tire mark,False
-3.2586920261383057,-17.060834884643555,tire mark,False
-11.026559829711914,-11.769469261169434,tire mark,False
0.31583479046821594,-12.431378364562988,tire mark,False
-10.918875694274902,-14.880105972290039,tire mark,False
2.707028388977051,3.7227189540863037,tire mark,False
6.891662120819092,-9.828948020935059,tire mark,False
1.7202777862548828,23.74380111694336,tree,False
1.9827368259429932,23.32149314880371,tree,False
1.2066326141357422,23.49683952331543,tree,False
1.0002795457839966,24.267086029052734,tree,False
0.5584219098091125,23.56707763671875,tree,False
-0.7843855023384094,22.96898651123047,tree,False
-2.8273732662200928,22.03826904296875,tree,False
4.846618175506592,20.571231842041016,tree,False
1.2583441734313965,22.51082992553711,tree,False
-2.8165342807769775,20.330751419067383,tree,False
5.215312957763672,19.866573333740234,tree,False
-1.3140186071395874,20.721731185913086,tree,False
1.6466882228851318,20.325725555419922,tree,False
3.088306427001953,23.96653938293457,tree,False
4.733068943023682,21.55029296875,tree,False
5.945938587188721,22.236982345581055,tree,False
3.7773733139038086,23.74591636657715,tree,False
5.294637680053711,21.25017547607422,tree,False
3.342012882232666,23.89281463623047,tree,False
4.451934814453125,21.146169662475586,tree,False
2.1023290157318115,24.729236602783203,tree,False
5.618409633636475,20.839290618896484,tree,False
6.242437362670898,22.141094207763672,tree,False
-1.9399303197860718,22.06540870666504,tree,False
-2.001406669616699,23.471593856811523,tree,False
3.5537638664245605,22.844533920288086,tree,False
-3.0884838104248047,21.377195358276367,tree,False
-2.300976037979126,22.94329261779785,tree,False
-2.223281145095825,20.444515228271484,tree,False
-2.2697372436523438,21.256006240844727,tree,False
0.1485699564218521,21.046552658081055,tree,False
2.192476511001587,21.817575454711914,tree,False
1.0716484785079956,20.834243774414062,tree,False
